gRNA_id	gRNA_group	gRNA_type
safe.harbor_pre_01_gene	NTC1	non_target
safe.harbor_pre_02_gene	NTC1	non_target
safe.harbor_pre_03_gene	NTC1	non_target
safe.harbor_pre_04_gene	NTC1	non_target
safe.harbor_pre_05_gene	NTC2	non_target
safe.harbor_pre_06_gene	NTC2	non_target
safe.harbor_pre_07_gene	NTC2	non_target
safe.harbor_pre_08_gene	NTC2	non_target
safe.harbor_pre_09_gene	NTC3	non_target
safe.harbor_pre_10_gene	NTC3	non_target
safe.harbor_pre_11_gene	NTC3	non_target
safe.harbor_pre_12_gene	NTC3	non_target
safe.harbor_pre_13_gene	NTC4	non_target
safe.harbor_pre_14_gene	NTC4	non_target
safe.harbor_pre_15_gene	NTC4	non_target
safe.harbor_pre_16_gene	NTC4	non_target
safe.harbor_pre_17_gene	NTC5	non_target
safe.harbor_pre_18_gene	NTC5	non_target
safe.harbor_pre_19_gene	NTC5	non_target
safe.harbor_pre_20_gene	NTC5	non_target
safe.harbor_pre_21_gene	NTC6	non_target
safe.harbor_pre_22_gene	NTC6	non_target
safe.harbor_pre_23_gene	NTC6	non_target
safe.harbor_pre_24_gene	NTC6	non_target
safe.harbor_pre_25_gene	NTC7	non_target
safe.harbor_pre_26_gene	NTC7	non_target
safe.harbor_pre_27_gene	NTC7	non_target
safe.harbor_pre_28_gene	NTC7	non_target
safe.harbor_pre_29_gene	NTC8	non_target
safe.harbor_pre_30_gene	NTC8	non_target
safe.harbor_pre_31_gene	NTC8	non_target
safe.harbor_pre_32_gene	NTC8	non_target
safe.harbor_pre_33_gene	NTC9	non_target
safe.harbor_pre_34_gene	NTC9	non_target
safe.harbor_pre_35_gene	NTC9	non_target
safe.harbor_pre_36_gene	NTC9	non_target
safe.harbor_pre_37_gene	NTC10	non_target
safe.harbor_pre_38_gene	NTC10	non_target
safe.harbor_pre_39_gene	NTC10	non_target
safe.harbor_pre_40_gene	NTC10	non_target
safe.harbor_pre_41_gene	NTC11	non_target
safe.harbor_pre_42_gene	NTC11	non_target
safe.harbor_pre_43_gene	NTC11	non_target
safe.harbor_pre_44_gene	NTC11	non_target
safe.harbor_pre_45_gene	NTC12	non_target
safe.harbor_pre_46_gene	NTC12	non_target
safe.harbor_pre_47_gene	NTC12	non_target
safe.harbor_pre_48_gene	NTC12	non_target
safe.harbor_pre_49_gene	NTC13	non_target
safe.harbor_pre_50_gene	NTC13	non_target
safe.harbor_pre_51_gene	NTC13	non_target
safe.harbor_pre_52_gene	NTC13	non_target
safe.harbor_pre_53_gene	NTC14	non_target
safe.harbor_pre_54_gene	NTC14	non_target
safe.harbor_pre_55_gene	NTC14	non_target
safe.harbor_pre_56_gene	NTC14	non_target
safe.harbor_pre_57_gene	NTC15	non_target
safe.harbor_pre_58_gene	NTC15	non_target
safe.harbor_pre_59_gene	NTC15	non_target
safe.harbor_pre_60_gene	NTC15	non_target
safe.harbor_pre_61_gene	NTC16	non_target
safe.harbor_pre_62_gene	NTC16	non_target
safe.harbor_pre_63_gene	NTC16	non_target
safe.harbor_pre_64_gene	NTC16	non_target
safe.harbor_pre_65_gene	NTC17	non_target
safe.harbor_pre_66_gene	NTC17	non_target
safe.harbor_pre_67_gene	NTC17	non_target
safe.harbor_pre_68_gene	NTC17	non_target
safe.harbor_pre_69_gene	NTC18	non_target
safe.harbor_pre_70_gene	NTC18	non_target
safe.harbor_pre_71_gene	NTC18	non_target
safe.harbor_pre_72_gene	NTC18	non_target
safe.harbor_pre_73_gene	NTC19	non_target
safe.harbor_pre_74_gene	NTC19	non_target
safe.harbor_pre_75_gene	NTC19	non_target
safe.harbor_pre_76_gene	NTC19	non_target
safe.harbor_pre_77_gene	NTC20	non_target
safe.harbor_pre_78_gene	NTC20	non_target
safe.harbor_pre_79_gene	NTC20	non_target
safe.harbor_pre_80_gene	NTC20	non_target
safe.harbor_pre_81_gene	NTC21	non_target
safe.harbor_pre_82_gene	NTC21	non_target
safe.harbor_pre_83_gene	NTC21	non_target
sgRNA_21883622.21884011_21883721_gene	sgRNA_21883622.21884011	enh_target
sgRNA_21883622.21884011_21883723_gene	sgRNA_21883622.21884011	enh_target
sgRNA_21883622.21884011_21883762_gene	sgRNA_21883622.21884011	enh_target
sgRNA_21889623.21890192_21889832_gene	sgRNA_21889623.21890192	enh_target
sgRNA_21889623.21890192_21889961_gene	sgRNA_21889623.21890192	enh_target
sgRNA_21889623.21890192_21890153_gene	sgRNA_21889623.21890192	enh_target
sgRNA_21889623.21890192_21890193_gene	sgRNA_21889623.21890192	enh_target
sgRNA_21902048.21902508_21902168_gene	sgRNA_21902048.21902508	enh_target
sgRNA_21902048.21902508_21902257_gene	sgRNA_21902048.21902508	enh_target
sgRNA_21902048.21902508_21902285_gene	sgRNA_21902048.21902508	enh_target
sgRNA_21902048.21902508_21902315_gene	sgRNA_21902048.21902508	enh_target
sgRNA_21903297.21903761_21903554_gene	sgRNA_21903297.21903761	enh_target
sgRNA_21903297.21903761_21903560_gene	sgRNA_21903297.21903761	enh_target
sgRNA_21903297.21903761_21903697_gene	sgRNA_21903297.21903761	enh_target
sgRNA_21904489.21904691_21904503_gene	sgRNA_21904489.21904691	enh_target
sgRNA_21904489.21904691_21904563_gene	sgRNA_21904489.21904691	enh_target
sgRNA_21904489.21904691_21904565_gene	sgRNA_21904489.21904691	enh_target
sgRNA_21904489.21904691_21904577_gene	sgRNA_21904489.21904691	enh_target
sgRNA_21904827.21905164_21904867_gene	sgRNA_21904827.21905164	enh_target
sgRNA_21904827.21905164_21904918_gene	sgRNA_21904827.21905164	enh_target
sgRNA_21904827.21905164_21904976_gene	sgRNA_21904827.21905164	enh_target
sgRNA_21904827.21905164_21905008_gene	sgRNA_21904827.21905164	enh_target
sgRNA_21906895.21907254_21907162_gene	sgRNA_21906895.21907254	enh_target
sgRNA_21906895.21907254_21907165_gene	sgRNA_21906895.21907254	enh_target
sgRNA_21906895.21907254_21907169_gene	sgRNA_21906895.21907254	enh_target
sgRNA_21919590.21919906_21919687_gene	sgRNA_21919590.21919906	enh_target
sgRNA_21919590.21919906_21919733_gene	sgRNA_21919590.21919906	enh_target
sgRNA_21919590.21919906_21919736_gene	sgRNA_21919590.21919906	enh_target
sgRNA_21919590.21919906_21919749_gene	sgRNA_21919590.21919906	enh_target
sgRNA_21931517.21931760_21931554_gene	sgRNA_21931517.21931760	enh_target
sgRNA_21931517.21931760_21931576_gene	sgRNA_21931517.21931760	enh_target
sgRNA_21931517.21931760_21931630_gene	sgRNA_21931517.21931760	enh_target
sgRNA_21933887.21934239_21934045_gene	sgRNA_21933887.21934239	enh_target
sgRNA_21933887.21934239_21934069_gene	sgRNA_21933887.21934239	enh_target
sgRNA_21933887.21934239_21934153_gene	sgRNA_21933887.21934239	enh_target
sgRNA_21933887.21934239_21934158_gene	sgRNA_21933887.21934239	enh_target
sgRNA_21936083.21936630_21936245_gene	sgRNA_21936083.21936630	enh_target
sgRNA_21936083.21936630_21936251_gene	sgRNA_21936083.21936630	enh_target
sgRNA_21936083.21936630_21936289_gene	sgRNA_21936083.21936630	enh_target
sgRNA_21936083.21936630_21936332_gene	sgRNA_21936083.21936630	enh_target
sgRNA_21949048.21949358_21949077_gene	sgRNA_21949048.21949358	enh_target
sgRNA_21949048.21949358_21949210_gene	sgRNA_21949048.21949358	enh_target
sgRNA_21949048.21949358_21949267_gene	sgRNA_21949048.21949358	enh_target
sgRNA_21949048.21949358_21949326_gene	sgRNA_21949048.21949358	enh_target
sgRNA_21949747.21950002_21949816_gene	sgRNA_21949747.21950002	enh_target
sgRNA_21949747.21950002_21949840_gene	sgRNA_21949747.21950002	enh_target
sgRNA_21949747.21950002_21949843_gene	sgRNA_21949747.21950002	enh_target
sgRNA_21949747.21950002_21949945_gene	sgRNA_21949747.21950002	enh_target
sgRNA_21950432.21950893_21950445_gene	sgRNA_21950432.21950893	enh_target
sgRNA_21950432.21950893_21950586_gene	sgRNA_21950432.21950893	enh_target
sgRNA_21950432.21950893_21950844_gene	sgRNA_21950432.21950893	enh_target
sgRNA_21952893.21953162_21952906_gene	sgRNA_21952893.21953162	enh_target
sgRNA_21952893.21953162_21952926_gene	sgRNA_21952893.21953162	enh_target
sgRNA_21952893.21953162_21952994_gene	sgRNA_21952893.21953162	enh_target
sgRNA_21952893.21953162_21953134_gene	sgRNA_21952893.21953162	enh_target
sgRNA_21955669.21956088_21955714_gene	sgRNA_21955669.21956088	enh_target
sgRNA_21955669.21956088_21955895_gene	sgRNA_21955669.21956088	enh_target
sgRNA_21955669.21956088_21955900_gene	sgRNA_21955669.21956088	enh_target
sgRNA_21959853.21960015_21959885_gene	sgRNA_21959853.21960015	enh_target
sgRNA_21959853.21960015_21959896_gene	sgRNA_21959853.21960015	enh_target
sgRNA_21959853.21960015_21959900_gene	sgRNA_21959853.21960015	enh_target
sgRNA_21959853.21960015_21959967_gene	sgRNA_21959853.21960015	enh_target
sgRNA_21961653.21961902_21961728_gene	sgRNA_21961653.21961902	enh_target
sgRNA_21961653.21961902_21961752_gene	sgRNA_21961653.21961902	enh_target
sgRNA_21961653.21961902_21961759_gene	sgRNA_21961653.21961902	enh_target
sgRNA_21961653.21961902_21961817_gene	sgRNA_21961653.21961902	enh_target
sgRNA_21964186.21964500_21964472_gene	sgRNA_21964186.21964500	enh_target
sgRNA_21964186.21964500_21964492_gene	sgRNA_21964186.21964500	enh_target
sgRNA_21964186.21964500_21964500_gene	sgRNA_21964186.21964500	enh_target
sgRNA_21964910.21965507_21965156_gene	sgRNA_21964910.21965507	enh_target
sgRNA_21964910.21965507_21965238_gene	sgRNA_21964910.21965507	enh_target
sgRNA_21964910.21965507_21965277_gene	sgRNA_21964910.21965507	enh_target
sgRNA_21965574.21965827_21965648_gene	sgRNA_21965574.21965827	enh_target
sgRNA_21965574.21965827_21965686_gene	sgRNA_21965574.21965827	enh_target
sgRNA_21965574.21965827_21965741_gene	sgRNA_21965574.21965827	enh_target
sgRNA_21965574.21965827_21965801_gene	sgRNA_21965574.21965827	enh_target
sgRNA_21967673.21968059_21967847_gene	sgRNA_21967673.21968059	enh_target
sgRNA_21967673.21968059_21967891_gene	sgRNA_21967673.21968059	enh_target
sgRNA_21967673.21968059_21967925_gene	sgRNA_21967673.21968059	enh_target
sgRNA_21967673.21968059_21967935_gene	sgRNA_21967673.21968059	enh_target
sgRNA_21968332.21968667_21968362_gene	sgRNA_21968332.21968667	enh_target
sgRNA_21968332.21968667_21968489_gene	sgRNA_21968332.21968667	enh_target
sgRNA_21968332.21968667_21968561_gene	sgRNA_21968332.21968667	enh_target
sgRNA_21968332.21968667_21968628_gene	sgRNA_21968332.21968667	enh_target
sgRNA_21970423.21970667_21970439_gene	sgRNA_21970423.21970667	enh_target
sgRNA_21970423.21970667_21970466_gene	sgRNA_21970423.21970667	enh_target
sgRNA_21970423.21970667_21970490_gene	sgRNA_21970423.21970667	enh_target
sgRNA_21970423.21970667_21970587_gene	sgRNA_21970423.21970667	enh_target
sgRNA_21970669.21971071_21970772_gene	sgRNA_21970669.21971071	enh_target
sgRNA_21970669.21971071_21970776_gene	sgRNA_21970669.21971071	enh_target
sgRNA_21970669.21971071_21970916_gene	sgRNA_21970669.21971071	enh_target
sgRNA_21970669.21971071_21970981_gene	sgRNA_21970669.21971071	enh_target
sgRNA_21971240.21971874_21971414_gene	sgRNA_21971240.21971874	enh_target
sgRNA_21971240.21971874_21971419_gene	sgRNA_21971240.21971874	enh_target
sgRNA_21971240.21971874_21971528_gene	sgRNA_21971240.21971874	enh_target
sgRNA_21971240.21971874_21971620_gene	sgRNA_21971240.21971874	enh_target
sgRNA_21973546.21973929_21973621_gene	sgRNA_21973546.21973929	enh_target
sgRNA_21973546.21973929_21973652_gene	sgRNA_21973546.21973929	enh_target
sgRNA_21973546.21973929_21973760_gene	sgRNA_21973546.21973929	enh_target
sgRNA_21973546.21973929_21973765_gene	sgRNA_21973546.21973929	enh_target
sgRNA_21974016.21974250_21974172_gene	sgRNA_21974016.21974250	enh_target
sgRNA_21974016.21974250_21974191_gene	sgRNA_21974016.21974250	enh_target
sgRNA_21974016.21974250_21974196_gene	sgRNA_21974016.21974250	enh_target
sgRNA_21974016.21974250_21974251_gene	sgRNA_21974016.21974250	enh_target
sgRNA_21974382.21974628_21974467_gene	sgRNA_21974382.21974628	enh_target
sgRNA_21974382.21974628_21974523_gene	sgRNA_21974382.21974628	enh_target
sgRNA_21974382.21974628_21974617_gene	sgRNA_21974382.21974628	enh_target
sgRNA_21974644.21975049_21974982_gene	p16_tss1	tss_target
sgRNA_21974644.21975049_21974989_gene	p16_tss1	tss_target
sgRNA_21974644.21975049_21975008_gene	p16_tss1	tss_target
sgRNA_21974644.21975049_21975032_gene	p16_tss1	tss_target
sgRNA_21975050.21975381_21975067_gene	p16_tss2	tss_target
sgRNA_21975050.21975381_21975294_gene	p16_tss2	tss_target
sgRNA_21975050.21975381_21975306_gene	p16_tss2	tss_target
sgRNA_21975050.21975381_21975309_gene	p16_tss2	tss_target
sgRNA_21975473.21975815_21975584_gene	p16_tss3	tss_target
sgRNA_21975473.21975815_21975679_gene	p16_tss3	tss_target
sgRNA_21975473.21975815_21975682_gene	p16_tss3	tss_target
sgRNA_21975473.21975815_21975716_gene	p16_tss3	tss_target
sgRNA_21975838.21975990_21975893_gene	sgRNA_21975838.21975990	enh_target
sgRNA_21975838.21975990_21975937_gene	sgRNA_21975838.21975990	enh_target
sgRNA_21976337.21976594_21976425_gene	sgRNA_21976337.21976594	enh_target
sgRNA_21976337.21976594_21976434_gene	sgRNA_21976337.21976594	enh_target
sgRNA_21976337.21976594_21976440_gene	sgRNA_21976337.21976594	enh_target
sgRNA_21976337.21976594_21976443_gene	sgRNA_21976337.21976594	enh_target
sgRNA_21982447.21983001_21982837_gene	sgRNA_21982447.21983001	enh_target
sgRNA_21982447.21983001_21982957_gene	sgRNA_21982447.21983001	enh_target
sgRNA_21982447.21983001_21982966_gene	sgRNA_21982447.21983001	enh_target
sgRNA_21982447.21983001_21983001_gene	sgRNA_21982447.21983001	enh_target
sgRNA_21983545.21983947_21983675_gene	sgRNA_21983545.21983947	enh_target
sgRNA_21983545.21983947_21983759_gene	sgRNA_21983545.21983947	enh_target
sgRNA_21983545.21983947_21983839_gene	sgRNA_21983545.21983947	enh_target
sgRNA_21983545.21983947_21983884_gene	sgRNA_21983545.21983947	enh_target
sgRNA_21984590.21984842_21984707_gene	sgRNA_21984590.21984842	enh_target
sgRNA_21984590.21984842_21984730_gene	sgRNA_21984590.21984842	enh_target
sgRNA_21984590.21984842_21984745_gene	sgRNA_21984590.21984842	enh_target
sgRNA_21986846.21987062_21986874_gene	sgRNA_21986846.21987062	enh_target
sgRNA_21986846.21987062_21986954_gene	sgRNA_21986846.21987062	enh_target
sgRNA_21987490.21987738_21987621_gene	sgRNA_21987490.21987738	enh_target
sgRNA_21987490.21987738_21987691_gene	sgRNA_21987490.21987738	enh_target
sgRNA_21987490.21987738_21987715_gene	sgRNA_21987490.21987738	enh_target
sgRNA_21987490.21987738_21987739_gene	sgRNA_21987490.21987738	enh_target
sgRNA_21988344.21989004_21988643_gene	sgRNA_21988344.21989004	enh_target
sgRNA_21988344.21989004_21988773_gene	sgRNA_21988344.21989004	enh_target
sgRNA_21988344.21989004_21988927_gene	sgRNA_21988344.21989004	enh_target
sgRNA_21988344.21989004_21989001_gene	sgRNA_21988344.21989004	enh_target
sgRNA_21989448.21989770_21989604_gene	sgRNA_21989448.21989770	enh_target
sgRNA_21989448.21989770_21989608_gene	sgRNA_21989448.21989770	enh_target
sgRNA_21989448.21989770_21989618_gene	sgRNA_21989448.21989770	enh_target
sgRNA_21989448.21989770_21989748_gene	sgRNA_21989448.21989770	enh_target
sgRNA_21989846.21990150_21989850_gene	sgRNA_21989846.21990150	enh_target
sgRNA_21989846.21990150_21989891_gene	sgRNA_21989846.21990150	enh_target
sgRNA_21989846.21990150_21989918_gene	sgRNA_21989846.21990150	enh_target
sgRNA_21989846.21990150_21990131_gene	sgRNA_21989846.21990150	enh_target
sgRNA_21990239.21990463_21990332_gene	sgRNA_21990239.21990463	enh_target
sgRNA_21990239.21990463_21990360_gene	sgRNA_21990239.21990463	enh_target
sgRNA_21990239.21990463_21990451_gene	sgRNA_21990239.21990463	enh_target
sgRNA_21991610.21991964_21991666_gene	sgRNA_21991610.21991964	enh_target
sgRNA_21991610.21991964_21991696_gene	sgRNA_21991610.21991964	enh_target
sgRNA_21991610.21991964_21991847_gene	sgRNA_21991610.21991964	enh_target
sgRNA_21993497.21993792_21993586_gene	sgRNA_21993497.21993792	enh_target
sgRNA_21993497.21993792_21993605_gene	sgRNA_21993497.21993792	enh_target
sgRNA_21993497.21993792_21993648_gene	sgRNA_21993497.21993792	enh_target
sgRNA_21993497.21993792_21993759_gene	sgRNA_21993497.21993792	enh_target
sgRNA_21993910.21994234_21993930_gene	sgRNA_21993910.21994234	enh_target
sgRNA_21993910.21994234_21994006_gene	sgRNA_21993910.21994234	enh_target
sgRNA_21993910.21994234_21994111_gene	sgRNA_21993910.21994234	enh_target
sgRNA_21993910.21994234_21994196_gene	sgRNA_21993910.21994234	enh_target
sgRNA_21994286.21994909_21994555_gene	p14_tss	tss_target
sgRNA_21994286.21994909_21994611_gene	p14_tss	tss_target
sgRNA_21994286.21994909_21994745_gene	p14_tss	tss_target
sgRNA_21994286.21994909_21994907_gene	p14_tss	tss_target
sgRNA_21994938.21995219_21995093_gene	sgRNA_21994938.21995219	enh_target
sgRNA_21994938.21995219_21995106_gene	sgRNA_21994938.21995219	enh_target
sgRNA_21994938.21995219_21995111_gene	sgRNA_21994938.21995219	enh_target
sgRNA_21994938.21995219_21995177_gene	sgRNA_21994938.21995219	enh_target
sgRNA_21995566.21996214_21995571_gene	sgRNA_21995566.21996214	enh_target
sgRNA_21995566.21996214_21995894_gene	sgRNA_21995566.21996214	enh_target
sgRNA_21995566.21996214_21996099_gene	sgRNA_21995566.21996214	enh_target
sgRNA_21995566.21996214_21996148_gene	sgRNA_21995566.21996214	enh_target
sgRNA_21996463.21997024_21996766_gene	sgRNA_21996463.21997024	enh_target
sgRNA_21996463.21997024_21996783_gene	sgRNA_21996463.21997024	enh_target
sgRNA_21996463.21997024_21996817_gene	sgRNA_21996463.21997024	enh_target
sgRNA_21996463.21997024_21996888_gene	sgRNA_21996463.21997024	enh_target
sgRNA_21997856.21998917_21998126_gene	sgRNA_21997856.21998917	enh_target
sgRNA_21997856.21998917_21998157_gene	sgRNA_21997856.21998917	enh_target
sgRNA_21997856.21998917_21998235_gene	sgRNA_21997856.21998917	enh_target
sgRNA_21999779.22000849_22000143_gene	sgRNA_21999779.22000849	enh_target
sgRNA_21999779.22000849_22000175_gene	sgRNA_21999779.22000849	enh_target
sgRNA_21999779.22000849_22000190_gene	sgRNA_21999779.22000849	enh_target
sgRNA_22002098.22002371_22002212_gene	sgRNA_22002098.22002371	enh_target
sgRNA_22002098.22002371_22002264_gene	sgRNA_22002098.22002371	enh_target
sgRNA_22002098.22002371_22002266_gene	sgRNA_22002098.22002371	enh_target
sgRNA_22003089.22003510_22003167_gene	sgRNA_22003089.22003510	enh_target
sgRNA_22003089.22003510_22003170_gene	sgRNA_22003089.22003510	enh_target
sgRNA_22003089.22003510_22003231_gene	sgRNA_22003089.22003510	enh_target
sgRNA_22003089.22003510_22003324_gene	sgRNA_22003089.22003510	enh_target
sgRNA_22004994.22006412_22005206_gene	sgRNA_22004994.22006412	enh_target
sgRNA_22004994.22006412_22005514_gene	sgRNA_22004994.22006412	enh_target
sgRNA_22004994.22006412_22005834_gene	sgRNA_22004994.22006412	enh_target
sgRNA_22004994.22006412_22006024_gene	sgRNA_22004994.22006412	enh_target
sgRNA_22007045.22007577_22007087_gene	sgRNA_22007045.22007577	enh_target
sgRNA_22007045.22007577_22007290_gene	sgRNA_22007045.22007577	enh_target
sgRNA_22007045.22007577_22007342_gene	sgRNA_22007045.22007577	enh_target
sgRNA_22007045.22007577_22007465_gene	sgRNA_22007045.22007577	enh_target
sgRNA_22008685.22010033_22009395_gene	sgRNA_22008685.22010033	tss_target
sgRNA_22008685.22010033_22009590_gene	sgRNA_22008685.22010033	tss_target
sgRNA_22008685.22010033_22009593_gene	sgRNA_22008685.22010033	tss_target
sgRNA_22008685.22010033_22009640_gene	sgRNA_22008685.22010033	tss_target
sgRNA_22010987.22011368_22011009_gene	sgRNA_22010987.22011368	enh_target
sgRNA_22010987.22011368_22011082_gene	sgRNA_22010987.22011368	enh_target
sgRNA_22010987.22011368_22011106_gene	sgRNA_22010987.22011368	enh_target
sgRNA_22010987.22011368_22011112_gene	sgRNA_22010987.22011368	enh_target
sgRNA_22011678.22011875_22011689_gene	sgRNA_22011678.22011875	enh_target
sgRNA_22011678.22011875_22011790_gene	sgRNA_22011678.22011875	enh_target
sgRNA_22011678.22011875_22011851_gene	sgRNA_22011678.22011875	enh_target
sgRNA_22012420.22012801_22012472_gene	sgRNA_22012420.22012801	enh_target
sgRNA_22012420.22012801_22012552_gene	sgRNA_22012420.22012801	enh_target
sgRNA_22012420.22012801_22012651_gene	sgRNA_22012420.22012801	enh_target
sgRNA_22013364.22014150_22013517_gene	sgRNA_22013364.22014150	enh_target
sgRNA_22013364.22014150_22013701_gene	sgRNA_22013364.22014150	enh_target
sgRNA_22013364.22014150_22013751_gene	sgRNA_22013364.22014150	enh_target
sgRNA_22017094.22017559_22017385_gene	sgRNA_22017094.22017559	enh_target
sgRNA_22017094.22017559_22017404_gene	sgRNA_22017094.22017559	enh_target
sgRNA_22017094.22017559_22017443_gene	sgRNA_22017094.22017559	enh_target
sgRNA_22017094.22017559_22017491_gene	sgRNA_22017094.22017559	enh_target
sgRNA_22018778.22019211_22019026_gene	sgRNA_22018778.22019211	enh_target
sgRNA_22018778.22019211_22019054_gene	sgRNA_22018778.22019211	enh_target
sgRNA_22018778.22019211_22019066_gene	sgRNA_22018778.22019211	enh_target
sgRNA_22018778.22019211_22019121_gene	sgRNA_22018778.22019211	enh_target
sgRNA_22024399.22024900_22024402_gene	sgRNA_22024399.22024900	enh_target
sgRNA_22024399.22024900_22024593_gene	sgRNA_22024399.22024900	enh_target
sgRNA_22024399.22024900_22024804_gene	sgRNA_22024399.22024900	enh_target
sgRNA_22024399.22024900_22024882_gene	sgRNA_22024399.22024900	enh_target
sgRNA_22024935.22025519_22024960_gene	sgRNA_22024935.22025519	enh_target
sgRNA_22024935.22025519_22025008_gene	sgRNA_22024935.22025519	enh_target
sgRNA_22024935.22025519_22025062_gene	sgRNA_22024935.22025519	enh_target
sgRNA_22024935.22025519_22025400_gene	sgRNA_22024935.22025519	enh_target
sgRNA_22026676.22027216_22026816_gene	sgRNA_22026676.22027216	enh_target
sgRNA_22026676.22027216_22026820_gene	sgRNA_22026676.22027216	enh_target
sgRNA_22026676.22027216_22026914_gene	sgRNA_22026676.22027216	enh_target
sgRNA_22026676.22027216_22026942_gene	sgRNA_22026676.22027216	enh_target
sgRNA_22030026.22030603_22030259_gene	sgRNA_22030026.22030603	enh_target
sgRNA_22030026.22030603_22030273_gene	sgRNA_22030026.22030603	enh_target
sgRNA_22030026.22030603_22030302_gene	sgRNA_22030026.22030603	enh_target
sgRNA_22030026.22030603_22030567_gene	sgRNA_22030026.22030603	enh_target
sgRNA_22031727.22032006_22031793_gene	sgRNA_22031727.22032006	enh_target
sgRNA_22031727.22032006_22031808_gene	sgRNA_22031727.22032006	enh_target
sgRNA_22031727.22032006_22031838_gene	sgRNA_22031727.22032006	enh_target
sgRNA_22031727.22032006_22031891_gene	sgRNA_22031727.22032006	enh_target
sgRNA_22032041.22032331_22032123_gene	sgRNA_22032041.22032331	enh_target
sgRNA_22032041.22032331_22032236_gene	sgRNA_22032041.22032331	enh_target
sgRNA_22032041.22032331_22032255_gene	sgRNA_22032041.22032331	enh_target
sgRNA_22032980.22033516_22033348_gene	sgRNA_22032980.22033516	enh_target
sgRNA_22032980.22033516_22033364_gene	sgRNA_22032980.22033516	enh_target
sgRNA_22032980.22033516_22033491_gene	sgRNA_22032980.22033516	enh_target
sgRNA_22035585.22035946_22035714_gene	sgRNA_22035585.22035946	enh_target
sgRNA_22035585.22035946_22035841_gene	sgRNA_22035585.22035946	enh_target
sgRNA_22035585.22035946_22035855_gene	sgRNA_22035585.22035946	enh_target
sgRNA_22035585.22035946_22035920_gene	sgRNA_22035585.22035946	enh_target
sgRNA_22037288.22037595_22037346_gene	sgRNA_22037288.22037595	enh_target
sgRNA_22037288.22037595_22037357_gene	sgRNA_22037288.22037595	enh_target
sgRNA_22037288.22037595_22037427_gene	sgRNA_22037288.22037595	enh_target
sgRNA_22037947.22038388_22038256_gene	sgRNA_22037947.22038388	enh_target
sgRNA_22037947.22038388_22038259_gene	sgRNA_22037947.22038388	enh_target
sgRNA_22037947.22038388_22038280_gene	sgRNA_22037947.22038388	enh_target
sgRNA_22037947.22038388_22038281_gene	sgRNA_22037947.22038388	enh_target
sgRNA_22039302.22039598_22039381_gene	sgRNA_22039302.22039598	enh_target
sgRNA_22039302.22039598_22039387_gene	sgRNA_22039302.22039598	enh_target
sgRNA_22039302.22039598_22039433_gene	sgRNA_22039302.22039598	enh_target
sgRNA_22039302.22039598_22039530_gene	sgRNA_22039302.22039598	enh_target
sgRNA_22040763.22041162_22040803_gene	sgRNA_22040763.22041162	enh_target
sgRNA_22040763.22041162_22040863_gene	sgRNA_22040763.22041162	enh_target
sgRNA_22040763.22041162_22040912_gene	sgRNA_22040763.22041162	enh_target
sgRNA_22040763.22041162_22041056_gene	sgRNA_22040763.22041162	enh_target
sgRNA_22041786.22042153_22041940_gene	sgRNA_22041786.22042153	enh_target
sgRNA_22041786.22042153_22041961_gene	sgRNA_22041786.22042153	enh_target
sgRNA_22041786.22042153_22042057_gene	sgRNA_22041786.22042153	enh_target
sgRNA_22041786.22042153_22042133_gene	sgRNA_22041786.22042153	enh_target
sgRNA_22043926.22044126_22043927_gene	sgRNA_22043926.22044126	enh_target
sgRNA_22043926.22044126_22043932_gene	sgRNA_22043926.22044126	enh_target
sgRNA_22043926.22044126_22043974_gene	sgRNA_22043926.22044126	enh_target
sgRNA_22044591.22044945_22044649_gene	sgRNA_22044591.22044945	enh_target
sgRNA_22044591.22044945_22044785_gene	sgRNA_22044591.22044945	enh_target
sgRNA_22044591.22044945_22044807_gene	sgRNA_22044591.22044945	enh_target
sgRNA_22049453.22049789_22049504_gene	sgRNA_22049453.22049789	enh_target
sgRNA_22049453.22049789_22049519_gene	sgRNA_22049453.22049789	enh_target
sgRNA_22049453.22049789_22049533_gene	sgRNA_22049453.22049789	enh_target
sgRNA_22049453.22049789_22049676_gene	sgRNA_22049453.22049789	enh_target
sgRNA_22050387.22050900_22050446_gene	sgRNA_22050387.22050900	enh_target
sgRNA_22050387.22050900_22050509_gene	sgRNA_22050387.22050900	enh_target
sgRNA_22050387.22050900_22050573_gene	sgRNA_22050387.22050900	enh_target
sgRNA_22050387.22050900_22050721_gene	sgRNA_22050387.22050900	enh_target
sgRNA_22052069.22053048_22052661_gene	sgRNA_22052069.22053048	enh_target
sgRNA_22052069.22053048_22052671_gene	sgRNA_22052069.22053048	enh_target
sgRNA_22052069.22053048_22052828_gene	sgRNA_22052069.22053048	enh_target
sgRNA_22052069.22053048_22052831_gene	sgRNA_22052069.22053048	enh_target
sgRNA_22053682.22054045_22053811_gene	sgRNA_22053682.22054045	enh_target
sgRNA_22053682.22054045_22053819_gene	sgRNA_22053682.22054045	enh_target
sgRNA_22053682.22054045_22053839_gene	sgRNA_22053682.22054045	enh_target
sgRNA_22053682.22054045_22054018_gene	sgRNA_22053682.22054045	enh_target
sgRNA_22054180.22054370_22054250_gene	sgRNA_22054180.22054370	enh_target
sgRNA_22054180.22054370_22054342_gene	sgRNA_22054180.22054370	enh_target
sgRNA_22054180.22054370_22054345_gene	sgRNA_22054180.22054370	enh_target
sgRNA_22054180.22054370_22054359_gene	sgRNA_22054180.22054370	enh_target
sgRNA_22054599.22054753_22054611_gene	sgRNA_22054599.22054753	enh_target
sgRNA_22054599.22054753_22054659_gene	sgRNA_22054599.22054753	enh_target
sgRNA_22055098.22055526_22055485_gene	sgRNA_22055098.22055526	enh_target
sgRNA_22055098.22055526_22055501_gene	sgRNA_22055098.22055526	enh_target
sgRNA_22055098.22055526_22055505_gene	sgRNA_22055098.22055526	enh_target
sgRNA_22055098.22055526_22055507_gene	sgRNA_22055098.22055526	enh_target
sgRNA_22056244.22056527_22056432_gene	sgRNA_22056244.22056527	enh_target
sgRNA_22056244.22056527_22056446_gene	sgRNA_22056244.22056527	enh_target
sgRNA_22056244.22056527_22056474_gene	sgRNA_22056244.22056527	enh_target
sgRNA_22059886.22060152_22059976_gene	sgRNA_22059886.22060152	enh_target
sgRNA_22059886.22060152_22059989_gene	sgRNA_22059886.22060152	enh_target
sgRNA_22059886.22060152_22060090_gene	sgRNA_22059886.22060152	enh_target
sgRNA_22059886.22060152_22060118_gene	sgRNA_22059886.22060152	enh_target
sgRNA_22062048.22062204_22062099_gene	sgRNA_22062048.22062204	enh_target
sgRNA_22062048.22062204_22062132_gene	sgRNA_22062048.22062204	enh_target
sgRNA_22062048.22062204_22062178_gene	sgRNA_22062048.22062204	enh_target
sgRNA_22064992.22065795_22065099_gene	sgRNA_22064992.22065795	enh_target
sgRNA_22064992.22065795_22065598_gene	sgRNA_22064992.22065795	enh_target
sgRNA_22064992.22065795_22065728_gene	sgRNA_22064992.22065795	enh_target
sgRNA_22064992.22065795_22065753_gene	sgRNA_22064992.22065795	enh_target
sgRNA_22066070.22068679_22067587_gene	sgRNA_22066070.22068679	enh_target
sgRNA_22066070.22068679_22068509_gene	sgRNA_22066070.22068679	enh_target
sgRNA_22066070.22068679_22068583_gene	sgRNA_22066070.22068679	enh_target
sgRNA_22066070.22068679_22068586_gene	sgRNA_22066070.22068679	enh_target
sgRNA_22075783.22076079_22075788_gene	sgRNA_22075783.22076079	enh_target
sgRNA_22075783.22076079_22075948_gene	sgRNA_22075783.22076079	enh_target
sgRNA_22075783.22076079_22076039_gene	sgRNA_22075783.22076079	enh_target
sgRNA_22078077.22078428_22078227_gene	sgRNA_22078077.22078428	enh_target
sgRNA_22078077.22078428_22078296_gene	sgRNA_22078077.22078428	enh_target
sgRNA_22078077.22078428_22078348_gene	sgRNA_22078077.22078428	enh_target
sgRNA_22078077.22078428_22078355_gene	sgRNA_22078077.22078428	enh_target
sgRNA_22078478.22078659_22078492_gene	sgRNA_22078478.22078659	enh_target
sgRNA_22078478.22078659_22078521_gene	sgRNA_22078478.22078659	enh_target
sgRNA_22078478.22078659_22078548_gene	sgRNA_22078478.22078659	enh_target
sgRNA_22078478.22078659_22078591_gene	sgRNA_22078478.22078659	enh_target
sgRNA_22079897.22080362_22079919_gene	sgRNA_22079897.22080362	enh_target
sgRNA_22079897.22080362_22079927_gene	sgRNA_22079897.22080362	enh_target
sgRNA_22079897.22080362_22080067_gene	sgRNA_22079897.22080362	enh_target
sgRNA_22079897.22080362_22080188_gene	sgRNA_22079897.22080362	enh_target
sgRNA_22083329.22083491_22083409_gene	sgRNA_22083329.22083491	enh_target
sgRNA_22083329.22083491_22083441_gene	sgRNA_22083329.22083491	enh_target
sgRNA_22083329.22083491_22083465_gene	sgRNA_22083329.22083491	enh_target
sgRNA_22084660.22085153_22084801_gene	sgRNA_22084660.22085153	enh_target
sgRNA_22084660.22085153_22084872_gene	sgRNA_22084660.22085153	enh_target
sgRNA_22084660.22085153_22084892_gene	sgRNA_22084660.22085153	enh_target
sgRNA_22084660.22085153_22084983_gene	sgRNA_22084660.22085153	enh_target
sgRNA_22088687.22089037_22088902_gene	sgRNA_22088687.22089037	enh_target
sgRNA_22088687.22089037_22088910_gene	sgRNA_22088687.22089037	enh_target
sgRNA_22088687.22089037_22088926_gene	sgRNA_22088687.22089037	enh_target
sgRNA_22088687.22089037_22088973_gene	sgRNA_22088687.22089037	enh_target
sgRNA_22097733.22098066_22097842_gene	sgRNA_22097733.22098066	enh_target
sgRNA_22097733.22098066_22098022_gene	sgRNA_22097733.22098066	enh_target
sgRNA_22097733.22098066_22098036_gene	sgRNA_22097733.22098066	enh_target
sgRNA_22098665.22099204_22098830_gene	sgRNA_22098665.22099204	enh_target
sgRNA_22098665.22099204_22098835_gene	sgRNA_22098665.22099204	enh_target
sgRNA_22098665.22099204_22099064_gene	sgRNA_22098665.22099204	enh_target
sgRNA_22098665.22099204_22099151_gene	sgRNA_22098665.22099204	enh_target
sgRNA_22100742.22100978_22100775_gene	sgRNA_22100742.22100978	enh_target
sgRNA_22100742.22100978_22100844_gene	sgRNA_22100742.22100978	enh_target
sgRNA_22100742.22100978_22100855_gene	sgRNA_22100742.22100978	enh_target
sgRNA_22100742.22100978_22100939_gene	sgRNA_22100742.22100978	enh_target
sgRNA_22102660.22103014_22102834_gene	sgRNA_22102660.22103014	enh_target
sgRNA_22102660.22103014_22102863_gene	sgRNA_22102660.22103014	enh_target
sgRNA_22102660.22103014_22102892_gene	sgRNA_22102660.22103014	enh_target
sgRNA_22102660.22103014_22102936_gene	sgRNA_22102660.22103014	enh_target
sgRNA_22103197.22103638_22103368_gene	sgRNA_22103197.22103638	enh_target
sgRNA_22103197.22103638_22103513_gene	sgRNA_22103197.22103638	enh_target
sgRNA_22103197.22103638_22103560_gene	sgRNA_22103197.22103638	enh_target
sgRNA_22107196.22107619_22107228_gene	sgRNA_22107196.22107619	enh_target
sgRNA_22107196.22107619_22107295_gene	sgRNA_22107196.22107619	enh_target
sgRNA_22107196.22107619_22107334_gene	sgRNA_22107196.22107619	enh_target
sgRNA_22107196.22107619_22107369_gene	sgRNA_22107196.22107619	enh_target
sgRNA_22107679.22107951_22107794_gene	sgRNA_22107679.22107951	enh_target
sgRNA_22107679.22107951_22107843_gene	sgRNA_22107679.22107951	enh_target
sgRNA_22107679.22107951_22107871_gene	sgRNA_22107679.22107951	enh_target
sgRNA_22107679.22107951_22107887_gene	sgRNA_22107679.22107951	enh_target
sgRNA_22108542.22108924_22108544_gene	sgRNA_22108542.22108924	enh_target
sgRNA_22108542.22108924_22108774_gene	sgRNA_22108542.22108924	enh_target
sgRNA_22108542.22108924_22108812_gene	sgRNA_22108542.22108924	enh_target
sgRNA_22108542.22108924_22108818_gene	sgRNA_22108542.22108924	enh_target
sgRNA_22109107.22109299_22109107_gene	sgRNA_22109107.22109299	enh_target
sgRNA_22109107.22109299_22109192_gene	sgRNA_22109107.22109299	enh_target
sgRNA_22109107.22109299_22109245_gene	sgRNA_22109107.22109299	enh_target
sgRNA_22109107.22109299_22109260_gene	sgRNA_22109107.22109299	enh_target
sgRNA_22110048.22110235_22110071_gene	sgRNA_22110048.22110235	enh_target
sgRNA_22110048.22110235_22110123_gene	sgRNA_22110048.22110235	enh_target
sgRNA_22110048.22110235_22110157_gene	sgRNA_22110048.22110235	enh_target
sgRNA_22111189.22111552_22111262_gene	sgRNA_22111189.22111552	enh_target
sgRNA_22111189.22111552_22111265_gene	sgRNA_22111189.22111552	enh_target
sgRNA_22111189.22111552_22111309_gene	sgRNA_22111189.22111552	enh_target
sgRNA_22111189.22111552_22111328_gene	sgRNA_22111189.22111552	enh_target
sgRNA_22111884.22112211_22111910_gene	sgRNA_22111884.22112211	enh_target
sgRNA_22111884.22112211_22111985_gene	sgRNA_22111884.22112211	enh_target
sgRNA_22111884.22112211_22112102_gene	sgRNA_22111884.22112211	enh_target
sgRNA_22111884.22112211_22112128_gene	sgRNA_22111884.22112211	enh_target
sgRNA_22114639.22115733_22115198_gene	sgRNA_22114639.22115733	enh_target
sgRNA_22114639.22115733_22115349_gene	sgRNA_22114639.22115733	enh_target
sgRNA_22114639.22115733_22115620_gene	sgRNA_22114639.22115733	enh_target
sgRNA_22114639.22115733_22115653_gene	sgRNA_22114639.22115733	enh_target
sgRNA_22117396.22117775_22117513_gene	sgRNA_22117396.22117775	enh_target
sgRNA_22117396.22117775_22117631_gene	sgRNA_22117396.22117775	enh_target
sgRNA_22117396.22117775_22117691_gene	sgRNA_22117396.22117775	enh_target
sgRNA_22117396.22117775_22117737_gene	sgRNA_22117396.22117775	enh_target
sgRNA_22117784.22118022_22117876_gene	sgRNA_22117784.22118022	enh_target
sgRNA_22117784.22118022_22117914_gene	sgRNA_22117784.22118022	enh_target
sgRNA_22117784.22118022_22117988_gene	sgRNA_22117784.22118022	enh_target
sgRNA_22117784.22118022_22118017_gene	sgRNA_22117784.22118022	enh_target
sgRNA_22118100.22118351_22118122_gene	sgRNA_22118100.22118351	enh_target
sgRNA_22118100.22118351_22118151_gene	sgRNA_22118100.22118351	enh_target
sgRNA_22118100.22118351_22118193_gene	sgRNA_22118100.22118351	enh_target
sgRNA_22118100.22118351_22118216_gene	sgRNA_22118100.22118351	enh_target
sgRNA_22118558.22118792_22118580_gene	sgRNA_22118558.22118792	enh_target
sgRNA_22118558.22118792_22118602_gene	sgRNA_22118558.22118792	enh_target
sgRNA_22118558.22118792_22118662_gene	sgRNA_22118558.22118792	enh_target
sgRNA_22118558.22118792_22118744_gene	sgRNA_22118558.22118792	enh_target
sgRNA_22119168.22119366_22119172_gene	sgRNA_22119168.22119366	enh_target
sgRNA_22119168.22119366_22119195_gene	sgRNA_22119168.22119366	enh_target
sgRNA_22119168.22119366_22119359_gene	sgRNA_22119168.22119366	enh_target
sgRNA_22119639.22119853_22119657_gene	sgRNA_22119639.22119853	enh_target
sgRNA_22119639.22119853_22119736_gene	sgRNA_22119639.22119853	enh_target
sgRNA_22119639.22119853_22119770_gene	sgRNA_22119639.22119853	enh_target
sgRNA_22119639.22119853_22119807_gene	sgRNA_22119639.22119853	enh_target
sgRNA_22120609.22120986_22120665_gene	sgRNA_22120609.22120986	enh_target
sgRNA_22120609.22120986_22120747_gene	sgRNA_22120609.22120986	enh_target
sgRNA_22120609.22120986_22120831_gene	sgRNA_22120609.22120986	enh_target
sgRNA_22120609.22120986_22120987_gene	sgRNA_22120609.22120986	enh_target
sgRNA_22121333.22121499_22121403_gene	sgRNA_22121333.22121499	enh_target
sgRNA_22121333.22121499_22121464_gene	sgRNA_22121333.22121499	enh_target
sgRNA_22121333.22121499_22121472_gene	sgRNA_22121333.22121499	enh_target
sgRNA_22121333.22121499_22121473_gene	sgRNA_22121333.22121499	enh_target
sgRNA_22124373.22124582_22124383_gene	sgRNA_22124373.22124582	enh_target
sgRNA_22124373.22124582_22124428_gene	sgRNA_22124373.22124582	enh_target
sgRNA_22124373.22124582_22124438_gene	sgRNA_22124373.22124582	enh_target
sgRNA_22124373.22124582_22124455_gene	sgRNA_22124373.22124582	enh_target
sgRNA_22124598.22124976_22124694_gene	sgRNA_22124598.22124976	enh_target
sgRNA_22124598.22124976_22124786_gene	sgRNA_22124598.22124976	enh_target
sgRNA_22124598.22124976_22124798_gene	sgRNA_22124598.22124976	enh_target
sgRNA_22124598.22124976_22124931_gene	sgRNA_22124598.22124976	enh_target
sgRNA_22125328.22125519_22125412_gene	sgRNA_22125328.22125519	enh_target
sgRNA_22125328.22125519_22125451_gene	sgRNA_22125328.22125519	enh_target
sgRNA_22125328.22125519_22125519_gene	sgRNA_22125328.22125519	enh_target
sgRNA_22125328.22125519_22125520_gene	sgRNA_22125328.22125519	enh_target
sgRNA_22129183.22129538_22129263_gene	sgRNA_22129183.22129538	enh_target
sgRNA_22129183.22129538_22129268_gene	sgRNA_22129183.22129538	enh_target
sgRNA_22129183.22129538_22129362_gene	sgRNA_22129183.22129538	enh_target
sgRNA_22136699.22137102_22136856_gene	sgRNA_22136699.22137102	enh_target
sgRNA_22136699.22137102_22136952_gene	sgRNA_22136699.22137102	enh_target
sgRNA_22136699.22137102_22136958_gene	sgRNA_22136699.22137102	enh_target
sgRNA_22136699.22137102_22136971_gene	sgRNA_22136699.22137102	enh_target
sgRNA_22139099.22139306_22139108_gene	sgRNA_22139099.22139306	enh_target
sgRNA_22139099.22139306_22139143_gene	sgRNA_22139099.22139306	enh_target
sgRNA_22139099.22139306_22139173_gene	sgRNA_22139099.22139306	enh_target
sgRNA_22141948.22142311_22141987_gene	sgRNA_22141948.22142311	enh_target
sgRNA_22141948.22142311_22142075_gene	sgRNA_22141948.22142311	enh_target
sgRNA_22141948.22142311_22142108_gene	sgRNA_22141948.22142311	enh_target
sgRNA_22141948.22142311_22142145_gene	sgRNA_22141948.22142311	enh_target
sgRNA_22142693.22143075_22142831_gene	sgRNA_22142693.22143075	enh_target
sgRNA_22142693.22143075_22142900_gene	sgRNA_22142693.22143075	enh_target
sgRNA_22142693.22143075_22142904_gene	sgRNA_22142693.22143075	enh_target
sgRNA_22142693.22143075_22142983_gene	sgRNA_22142693.22143075	enh_target
sgRNA_22144295.22144611_22144340_gene	sgRNA_22144295.22144611	enh_target
sgRNA_22144295.22144611_22144410_gene	sgRNA_22144295.22144611	enh_target
sgRNA_22144295.22144611_22144472_gene	sgRNA_22144295.22144611	enh_target
sgRNA_22144295.22144611_22144514_gene	sgRNA_22144295.22144611	enh_target
sgRNA_22147840.22148133_22147864_gene	sgRNA_22147840.22148133	enh_target
sgRNA_22147840.22148133_22147884_gene	sgRNA_22147840.22148133	enh_target
sgRNA_22147840.22148133_22147981_gene	sgRNA_22147840.22148133	enh_target
sgRNA_22147840.22148133_22148120_gene	sgRNA_22147840.22148133	enh_target
sgRNA_22148199.22148548_22148299_gene	sgRNA_22148199.22148548	enh_target
sgRNA_22148199.22148548_22148321_gene	sgRNA_22148199.22148548	enh_target
sgRNA_22148199.22148548_22148387_gene	sgRNA_22148199.22148548	enh_target
sgRNA_22148199.22148548_22148458_gene	sgRNA_22148199.22148548	enh_target
sgRNA_22148828.22149225_22148956_gene	sgRNA_22148828.22149225	enh_target
sgRNA_22148828.22149225_22149049_gene	sgRNA_22148828.22149225	enh_target
sgRNA_22148828.22149225_22149088_gene	sgRNA_22148828.22149225	enh_target
sgRNA_22148828.22149225_22149194_gene	sgRNA_22148828.22149225	enh_target
sgRNA_22152945.22153183_22152965_gene	sgRNA_22152945.22153183	enh_target
sgRNA_22152945.22153183_22153102_gene	sgRNA_22152945.22153183	enh_target
sgRNA_22152945.22153183_22153103_gene	sgRNA_22152945.22153183	enh_target
sgRNA_22152945.22153183_22153107_gene	sgRNA_22152945.22153183	enh_target
sgRNA_22154472.22154754_22154673_gene	sgRNA_22154472.22154754	enh_target
sgRNA_22154472.22154754_22154707_gene	sgRNA_22154472.22154754	enh_target
sgRNA_22154472.22154754_22154722_gene	sgRNA_22154472.22154754	enh_target
sgRNA_22154758.22154864_22154773_gene	sgRNA_22154758.22154864	enh_target
sgRNA_22154758.22154864_22154792_gene	sgRNA_22154758.22154864	enh_target
sgRNA_22154758.22154864_22154811_gene	sgRNA_22154758.22154864	enh_target
sgRNA_22154758.22154864_22154828_gene	sgRNA_22154758.22154864	enh_target
sgRNA_22156679.22156971_22156697_gene	sgRNA_22156679.22156971	enh_target
sgRNA_22156679.22156971_22156794_gene	sgRNA_22156679.22156971	enh_target
sgRNA_22157140.22157718_22157338_gene	sgRNA_22157140.22157718	enh_target
sgRNA_22157140.22157718_22157341_gene	sgRNA_22157140.22157718	enh_target
sgRNA_22157140.22157718_22157437_gene	sgRNA_22157140.22157718	enh_target
sgRNA_22157140.22157718_22157447_gene	sgRNA_22157140.22157718	enh_target
sgRNA_22158341.22158535_22158342_gene	sgRNA_22158341.22158535	enh_target
sgRNA_22158341.22158535_22158392_gene	sgRNA_22158341.22158535	enh_target
sgRNA_22158341.22158535_22158433_gene	sgRNA_22158341.22158535	enh_target
sgRNA_22158341.22158535_22158438_gene	sgRNA_22158341.22158535	enh_target
sgRNA_22158913.22159439_22159063_gene	sgRNA_22158913.22159439	enh_target
sgRNA_22158913.22159439_22159097_gene	sgRNA_22158913.22159439	enh_target
sgRNA_22158913.22159439_22159129_gene	sgRNA_22158913.22159439	enh_target
sgRNA_22158913.22159439_22159158_gene	sgRNA_22158913.22159439	enh_target
sgRNA_22159596.22159962_22159782_gene	sgRNA_22159596.22159962	enh_target
sgRNA_22159596.22159962_22159917_gene	sgRNA_22159596.22159962	enh_target
sgRNA_22159596.22159962_22159952_gene	sgRNA_22159596.22159962	enh_target
sgRNA_22159596.22159962_22159956_gene	sgRNA_22159596.22159962	enh_target
sgRNA_22165197.22165547_22165220_gene	sgRNA_22165197.22165547	enh_target
sgRNA_22165197.22165547_22165430_gene	sgRNA_22165197.22165547	enh_target
sgRNA_22165197.22165547_22165483_gene	sgRNA_22165197.22165547	enh_target
sgRNA_22165197.22165547_22165541_gene	sgRNA_22165197.22165547	enh_target
sgRNA_22166049.22166427_22166176_gene	sgRNA_22166049.22166427	enh_target
sgRNA_22166049.22166427_22166222_gene	sgRNA_22166049.22166427	enh_target
sgRNA_22166049.22166427_22166244_gene	sgRNA_22166049.22166427	enh_target
sgRNA_22166049.22166427_22166264_gene	sgRNA_22166049.22166427	enh_target
sgRNA_22167088.22167312_22167160_gene	sgRNA_22167088.22167312	enh_target
sgRNA_22167088.22167312_22167169_gene	sgRNA_22167088.22167312	enh_target
sgRNA_22167088.22167312_22167173_gene	sgRNA_22167088.22167312	enh_target
sgRNA_22167088.22167312_22167208_gene	sgRNA_22167088.22167312	enh_target
sgRNA_22168991.22169151_22169003_gene	sgRNA_22168991.22169151	enh_target
sgRNA_22168991.22169151_22169007_gene	sgRNA_22168991.22169151	enh_target
sgRNA_22168991.22169151_22169095_gene	sgRNA_22168991.22169151	enh_target
sgRNA_22169216.22169589_22169280_gene	sgRNA_22169216.22169589	enh_target
sgRNA_22169216.22169589_22169315_gene	sgRNA_22169216.22169589	enh_target
sgRNA_22169216.22169589_22169406_gene	sgRNA_22169216.22169589	enh_target
sgRNA_22169216.22169589_22169422_gene	sgRNA_22169216.22169589	enh_target
sgRNA_22170179.22170509_22170333_gene	sgRNA_22170179.22170509	enh_target
sgRNA_22170179.22170509_22170356_gene	sgRNA_22170179.22170509	enh_target
sgRNA_22170179.22170509_22170461_gene	sgRNA_22170179.22170509	enh_target
sgRNA_22170179.22170509_22170469_gene	sgRNA_22170179.22170509	enh_target
sgRNA_22171367.22171595_22171405_gene	sgRNA_22171367.22171595	enh_target
sgRNA_22171367.22171595_22171454_gene	sgRNA_22171367.22171595	enh_target
sgRNA_22171367.22171595_22171486_gene	sgRNA_22171367.22171595	enh_target
sgRNA_22175988.22176348_22176121_gene	sgRNA_22175988.22176348	enh_target
sgRNA_22175988.22176348_22176152_gene	sgRNA_22175988.22176348	enh_target
sgRNA_22175988.22176348_22176186_gene	sgRNA_22175988.22176348	enh_target
sgRNA_22175988.22176348_22176188_gene	sgRNA_22175988.22176348	enh_target
sgRNA_22176354.22176885_22176495_gene	sgRNA_22176354.22176885	enh_target
sgRNA_22176354.22176885_22176610_gene	sgRNA_22176354.22176885	enh_target
sgRNA_22176354.22176885_22176687_gene	sgRNA_22176354.22176885	enh_target
sgRNA_22176354.22176885_22176721_gene	sgRNA_22176354.22176885	enh_target
sgRNA_22183781.22184020_22183922_gene	sgRNA_22183781.22184020	enh_target
sgRNA_22183781.22184020_22183961_gene	sgRNA_22183781.22184020	enh_target
sgRNA_22183781.22184020_22183969_gene	sgRNA_22183781.22184020	enh_target
sgRNA_22183781.22184020_22183998_gene	sgRNA_22183781.22184020	enh_target
sgRNA_22186896.22187389_22186992_gene	sgRNA_22186896.22187389	enh_target
sgRNA_22186896.22187389_22186998_gene	sgRNA_22186896.22187389	enh_target
sgRNA_22186896.22187389_22187220_gene	sgRNA_22186896.22187389	enh_target
sgRNA_22192993.22193454_22193131_gene	sgRNA_22192993.22193454	enh_target
sgRNA_22192993.22193454_22193156_gene	sgRNA_22192993.22193454	enh_target
sgRNA_22192993.22193454_22193223_gene	sgRNA_22192993.22193454	enh_target
sgRNA_22197037.22197402_22197170_gene	sgRNA_22197037.22197402	enh_target
sgRNA_22197037.22197402_22197180_gene	sgRNA_22197037.22197402	enh_target
sgRNA_22197037.22197402_22197194_gene	sgRNA_22197037.22197402	enh_target
sgRNA_22200329.22200669_22200442_gene	sgRNA_22200329.22200669	enh_target
sgRNA_22200329.22200669_22200466_gene	sgRNA_22200329.22200669	enh_target
sgRNA_22200329.22200669_22200537_gene	sgRNA_22200329.22200669	enh_target
sgRNA_22200329.22200669_22200545_gene	sgRNA_22200329.22200669	enh_target
sgRNA_22201152.22201748_22201421_gene	sgRNA_22201152.22201748	enh_target
sgRNA_22201152.22201748_22201454_gene	sgRNA_22201152.22201748	enh_target
sgRNA_22201152.22201748_22201473_gene	sgRNA_22201152.22201748	enh_target
sgRNA_22201152.22201748_22201538_gene	sgRNA_22201152.22201748	enh_target
sgRNA_22203607.22203994_22203647_gene	sgRNA_22203607.22203994	enh_target
sgRNA_22203607.22203994_22203827_gene	sgRNA_22203607.22203994	enh_target
sgRNA_22203607.22203994_22203841_gene	sgRNA_22203607.22203994	enh_target
sgRNA_22203607.22203994_22203929_gene	sgRNA_22203607.22203994	enh_target
sgRNA_22204322.22204670_22204487_gene	sgRNA_22204322.22204670	enh_target
sgRNA_22204322.22204670_22204492_gene	sgRNA_22204322.22204670	enh_target
sgRNA_22204322.22204670_22204530_gene	sgRNA_22204322.22204670	enh_target
sgRNA_22204322.22204670_22204551_gene	sgRNA_22204322.22204670	enh_target
sgRNA_22206899.22207239_22206907_gene	sgRNA_22206899.22207239	enh_target
sgRNA_22206899.22207239_22206922_gene	sgRNA_22206899.22207239	enh_target
sgRNA_22206899.22207239_22207117_gene	sgRNA_22206899.22207239	enh_target
sgRNA_22206899.22207239_22207124_gene	sgRNA_22206899.22207239	enh_target
sgRNA_22208818.22209202_22208848_gene	sgRNA_22208818.22209202	enh_target
sgRNA_22208818.22209202_22208885_gene	sgRNA_22208818.22209202	enh_target
sgRNA_22208818.22209202_22209180_gene	sgRNA_22208818.22209202	enh_target
sgRNA_22210299.22210642_22210406_gene	sgRNA_22210299.22210642	enh_target
sgRNA_22210299.22210642_22210473_gene	sgRNA_22210299.22210642	enh_target
sgRNA_22210299.22210642_22210481_gene	sgRNA_22210299.22210642	enh_target
sgRNA_22210299.22210642_22210503_gene	sgRNA_22210299.22210642	enh_target
sgRNA_22210978.22211316_22211080_gene	sgRNA_22210978.22211316	enh_target
sgRNA_22210978.22211316_22211105_gene	sgRNA_22210978.22211316	enh_target
sgRNA_22210978.22211316_22211118_gene	sgRNA_22210978.22211316	enh_target
sgRNA_22210978.22211316_22211135_gene	sgRNA_22210978.22211316	enh_target
sgRNA_22211647.22212006_22211767_gene	sgRNA_22211647.22212006	enh_target
sgRNA_22211647.22212006_22211852_gene	sgRNA_22211647.22212006	enh_target
sgRNA_22211647.22212006_22211855_gene	sgRNA_22211647.22212006	enh_target
sgRNA_22211647.22212006_22211912_gene	sgRNA_22211647.22212006	enh_target
sgRNA_22212033.22212267_22212104_gene	sgRNA_22212033.22212267	enh_target
sgRNA_22212033.22212267_22212142_gene	sgRNA_22212033.22212267	enh_target
sgRNA_22212033.22212267_22212167_gene	sgRNA_22212033.22212267	enh_target
sgRNA_22212033.22212267_22212180_gene	sgRNA_22212033.22212267	enh_target
sgRNA_22214099.22214353_22214160_gene	sgRNA_22214099.22214353	enh_target
sgRNA_22214099.22214353_22214197_gene	sgRNA_22214099.22214353	enh_target
sgRNA_22214099.22214353_22214247_gene	sgRNA_22214099.22214353	enh_target
sgRNA_22214489.22215025_22214539_gene	sgRNA_22214489.22215025	enh_target
sgRNA_22214489.22215025_22214730_gene	sgRNA_22214489.22215025	enh_target
sgRNA_22214489.22215025_22214918_gene	sgRNA_22214489.22215025	enh_target
sgRNA_22214489.22215025_22214930_gene	sgRNA_22214489.22215025	enh_target
sgRNA_22216796.22217209_22216934_gene	sgRNA_22216796.22217209	enh_target
sgRNA_22216796.22217209_22216966_gene	sgRNA_22216796.22217209	enh_target
sgRNA_22216796.22217209_22217020_gene	sgRNA_22216796.22217209	enh_target
sgRNA_22216796.22217209_22217046_gene	sgRNA_22216796.22217209	enh_target
sgRNA_22228595.22228864_22228620_gene	sgRNA_22228595.22228864	enh_target
sgRNA_22228595.22228864_22228625_gene	sgRNA_22228595.22228864	enh_target
sgRNA_22228595.22228864_22228675_gene	sgRNA_22228595.22228864	enh_target
sgRNA_22228595.22228864_22228759_gene	sgRNA_22228595.22228864	enh_target
sgRNA_22237537.22237902_22237673_gene	sgRNA_22237537.22237902	enh_target
sgRNA_22237537.22237902_22237711_gene	sgRNA_22237537.22237902	enh_target
sgRNA_22237537.22237902_22237786_gene	sgRNA_22237537.22237902	enh_target
sgRNA_22237908.22238257_22238011_gene	sgRNA_22237908.22238257	enh_target
sgRNA_22237908.22238257_22238085_gene	sgRNA_22237908.22238257	enh_target
sgRNA_22237908.22238257_22238141_gene	sgRNA_22237908.22238257	enh_target
sgRNA_22240607.22241123_22240742_gene	sgRNA_22240607.22241123	enh_target
sgRNA_22240607.22241123_22240901_gene	sgRNA_22240607.22241123	enh_target
sgRNA_22240607.22241123_22241076_gene	sgRNA_22240607.22241123	enh_target
sgRNA_22240607.22241123_22241093_gene	sgRNA_22240607.22241123	enh_target
sgRNA_22244141.22244453_22244290_gene	sgRNA_22244141.22244453	enh_target
sgRNA_22244141.22244453_22244317_gene	sgRNA_22244141.22244453	enh_target
sgRNA_22244141.22244453_22244320_gene	sgRNA_22244141.22244453	enh_target
sgRNA_22244141.22244453_22244333_gene	sgRNA_22244141.22244453	enh_target
sgRNA_22244669.22245061_22244764_gene	sgRNA_22244669.22245061	enh_target
sgRNA_22244669.22245061_22244805_gene	sgRNA_22244669.22245061	enh_target
sgRNA_22244669.22245061_22244881_gene	sgRNA_22244669.22245061	enh_target
sgRNA_22244669.22245061_22244922_gene	sgRNA_22244669.22245061	enh_target
sgRNA_22256470.22256708_22256530_gene	sgRNA_22256470.22256708	enh_target
sgRNA_22256470.22256708_22256640_gene	sgRNA_22256470.22256708	enh_target
sgRNA_22256470.22256708_22256661_gene	sgRNA_22256470.22256708	enh_target
sgRNA_22256470.22256708_22256688_gene	sgRNA_22256470.22256708	enh_target
sgRNA_22257028.22257383_22257036_gene	sgRNA_22257028.22257383	enh_target
sgRNA_22257028.22257383_22257071_gene	sgRNA_22257028.22257383	enh_target
sgRNA_22257028.22257383_22257132_gene	sgRNA_22257028.22257383	enh_target
sgRNA_22257028.22257383_22257283_gene	sgRNA_22257028.22257383	enh_target
sgRNA_22257406.22257722_22257612_gene	sgRNA_22257406.22257722	enh_target
sgRNA_22257406.22257722_22257633_gene	sgRNA_22257406.22257722	enh_target
sgRNA_22257406.22257722_22257636_gene	sgRNA_22257406.22257722	enh_target
sgRNA_22257406.22257722_22257661_gene	sgRNA_22257406.22257722	enh_target
